SYMBOL,COMPANY,LISTING_DATE,LISTING_HIGH,LISTING_LOW,BREAKOUT_DATE,BREAKOUT_HIGH,BREAKOUT_CLOSE,BREAKOUT_VOLUME
AMAGI,Amagi Media Labs,2026-01-21,356.95001220703125,318.0,2026-01-22,369.04998779296875,365.6000061035156,6398227.0
SHADOWFAX,Shadowfax Technologies,2026-01-28,119.66999816894531,109.0,2026-02-10,122.9800033569336,118.11000061035156,7330989.0
AYE,Aye Finance,2026-02-16,133.8000030517578,120.55000305175781,2026-02-17,149.69000244140625,134.92999267578125,14318825.0
FRACTAL,Fractal Analytics,2026-02-16,897.2999877929688,831.2999877929688,2026-02-17,921.0,888.25,5830776.0
GAUDIUMIVF,Gaudium IVF,2026-02-27,87.1500015258789,79.5,2026-03-17,88.0,85.0,1758210.0
SRTL,Shree Ram Twistex,2026-03-02,71.4000015258789,66.0,2026-03-04,73.36000061035156,67.83000183105469,451548.0
PNGSREVA,PNGS Reva,2026-03-04,433.0,360.0,2026-04-28,442.0,432.95001220703125,853178.0
OMNI,Omnitech Engineering,2026-03-05,224.6999969482422,202.0,2026-03-16,230.0,218.67999267578125,952382.0
SEDEMAC,Sedemac Mechatronics,2026-03-11,1613.5,1420.0,2026-04-06,1708.5999755859375,1680.199951171875,511124.0
RSL,Rajputana Stainless,2026-03-19,122.0999984741211,111.16000366210938,2026-04-06,125.0,118.43000030517578,1694103.0
GSPCROP,GSP Crop Science,2026-03-24,364.0,328.0,2026-03-25,375.0,352.95001220703125,1458067.0
SAIPARENT,Sai Parenteral’s,2026-04-02,416.0,400.0,2026-04-06,424.20001220703125,406.6499938964844,173200.0
AEROPLANE,Aeroplane Basmati,2026-05-05,132.8000030517578,130.0,2026-05-07,134.14999389648438,133.72999572753906,1496098.0
POWERICA,Powerica,2026-04-02,397.0,365.1000061035156,2026-04-06,399.0,396.54998779296875,533846.0
OMPOWER,Om Power,2026-04-17,195.3000030517578,186.0,2026-04-20,203.0399932861328,203.0399932861328,1177265.0
KISSHT,Kissht,2026-05-08,227.39999389648438,190.0,2026-05-19,232.0,226.8800048828125,11899056.0
HEXAGON,Hexagon Nutrition,2026-06-12,50.65999984741211,48.099998474121094,2026-06-15,53.189998626708984,53.189998626708984,691949.0
TURTLEMINT,Turtlemint Fintech,2026-06-29,144.9499969482422,132.0,2026-07-01,146.99000549316406,142.8800048828125,3612891.0
AASTHA,Aastha Spintex,2026-07-06,136.5,130.0,2026-07-22,140.00999450683594,103.23999786376953,18345174.0
KNACK,Knack Packaging,2026-07-08,192.0,180.3300018310547,2026-07-09,204.0,194.7100067138672,19121784.0
KUSUMGAR,Kusumgar,2026-07-15,625.9000244140625,568.1500244140625,2026-07-16,629.2000122070312,588.7000122070312,4352403.0
LASERPOWER,Laser Power,2026-07-16,270.0,250.0,2026-07-17,288.6600036621094,288.6600036621094,8020732.0
CMLL,Caliber Mining,2026-07-24,538.75,463.3500061035156,2026-07-27,624.4000244140625,570.5499877929688,25880974.0
XTRANET,Xtranet Technologies,2026-07-30,136.89999389648438,129.1999969482422,2026-08-10,143.02000427246094,143.02000427246094,182087.0
LCL,Lohia Corp,2026-07-30,508.6499938964844,461.0,2026-07-31,544.4000244140625,535.1500244140625,10892095.0
INDOMIM,Indo-MIM,2026-07-30,757.75,700.0,2026-07-31,815.9000244140625,776.1500244140625,27057625.0
MANIPALHOS,Manipal Health,2026-08-05,675.7999877929688,635.0,2026-08-07,691.7999877929688,677.9500122070312,6241385.0
MVELECTRO,MV Electrosystems,2026-08-06,624.0,520.0,2026-08-07,686.5,611.7000122070312,13751593.0
LEAPIND,LEAP India,2026-08-14,167.0,143.0,2026-08-19,171.25,159.69000244140625,33304070.0
MILKYMIST,Milky Mist,2026-08-18,181.5,165.0,2026-08-19,199.64999389648438,199.64999389648438,27974362.0
ELIN,Elin Electronics,2022-12-30,245.0,225.60000610351562,2024-08-26,262.5,247.74000549316406,3368497.0
KFINTECH,KFin Technologies,2022-12-29,373.0,351.0,2023-06-30,382.0,370.75,1769580.0
LANDMARK,Landmark Cars,2022-12-23,481.1499938964844,446.20001220703125,2023-01-02,482.8500061035156,476.8500061035156,140283.0
SULA,Sula Vineyards,2022-12-22,363.29998779296875,328.29998779296875,2023-01-16,388.0,373.20001220703125,12024012.0
UNIPARTS,Uniparts,2022-12-12,577.0,536.5,2022-12-13,579.2000122070312,565.4000244140625,3608222.0
DHARMAJ,Dharmaj Crop Guard,2022-12-08,279.0,264.29998779296875,2023-12-11,287.8500061035156,271.25,703038.0
RUSTOMJEE,Keystone Realtors,2022-11-24,569.9500122070312,548.0,2022-11-25,597.0,567.5,1579954.0
INOXGREEN,Inox Green Energy,2022-11-23,64.0,58.349998474121094,2023-07-24,66.8499984741211,64.4000015258789,13564622.0
KAYNES,Kaynes Technology,2022-11-22,786.0,675.0999755859375,2022-12-07,796.75,759.5499877929688,1160261.0
FIVESTAR,Five-Star Business Finance,2022-11-21,543.5999755859375,448.20001220703125,2022-12-06,624.5999755859375,624.5999755859375,2132436.0
ACI,Archean Chemical,2022-11-21,476.0,440.20001220703125,2022-11-22,478.0,454.8500061035156,4464605.0
BIKAJI,Bikaji Foods,2022-11-16,334.70001220703125,314.20001220703125,2022-11-23,344.75,344.75,4006812.0
DCXINDIA,DCX Systems,2022-11-11,319.8999938964844,287.0,2023-08-29,343.6000061035156,336.54998779296875,6381487.0
TRACXN,Tracxn,2022-10-20,100.0,83.0,2022-10-21,102.4000015258789,91.3499984741211,7416091.0
EMIL,Electronics Mart,2022-10-17,91.0,83.0999984741211,2022-10-18,92.94999694824219,92.94999694824219,20753358.0
HARSHA,Harsha Engineers,2022-09-26,527.6500244140625,430.0,2024-06-07,533.4000244140625,513.1500244140625,758153.0
TMB,Tamilnad Mercantile Bank,2022-09-15,515.0,481.0,2022-10-27,537.6500244140625,514.3499755859375,593555.0
DREAMFOLKS,DreamFolks,2022-09-06,549.0,448.0,2023-05-24,591.8499755859375,563.7000122070312,2636665.0
SYRMA,Syrma SGS,2022-08-26,312.0,256.3999938964844,2022-08-29,342.79998779296875,326.25,26916230.0
INNOVACAP,Innova Captab,2023-12-29,542.5,452.1000061035156,2024-01-01,548.9000244140625,530.3499755859375,3492240.0
AZAD,Azad Engineering,2023-12-28,727.0,670.0,2024-01-29,745.9000244140625,711.9500122070312,3152212.0
HAPPYFORGE,Happy Forgings,2023-12-27,1087.4000244140625,961.25,2024-05-23,1117.800048828125,1100.8499755859375,281756.0
RBZJEWEL,RBZ Jewellers,2023-12-27,105.0,96.0,2023-12-28,110.25,110.25,272121.0
SURAJEST,Suraj Estate,2023-12-26,354.45001220703125,324.04998779296875,2024-01-03,359.45001220703125,356.25,1608913.0
MOTISONS,Motisons Jewellers,2023-12-26,10.979999542236328,10.354999542236328,2024-01-03,11.359999656677246,11.359999656677246,11654500.0
INOXINDIA,INOX India,2023-12-21,990.0,855.0999755859375,2024-02-06,1024.0,998.5999755859375,4081909.0
DOMS,DOMS Industries,2023-12-20,1434.0,1302.0,2024-01-11,1537.3499755859375,1497.4000244140625,1625991.0
INDIASHLTR,India Shelter Finance,2023-12-20,630.0,531.0,2024-02-02,725.0999755859375,669.9500122070312,759410.0
ASKAUTOLTD,ASK Automotive,2023-11-15,316.70001220703125,303.29998779296875,2023-11-16,319.70001220703125,313.8500061035156,4725578.0
CELLO,Cello World,2023-11-06,837.4000244140625,782.0,2024-01-04,875.0,871.2000122070312,1616636.0
BLUEJET,Blue Jet Healthcare,2023-11-01,417.95001220703125,378.0,2023-11-02,433.3999938964844,406.95001220703125,4315489.0
IRMENERGY,IRM Energy,2023-10-26,483.70001220703125,450.0,2023-10-27,495.95001220703125,482.1499938964844,1272674.0
PLAZACABLE,Plaza Wires,2023-10-13,84.19999694824219,84.19999694824219,2023-10-16,88.4000015258789,88.4000015258789,2872234.0
VALIANTLAB,Valiant Laboratories,2023-10-06,170.25,162.10000610351562,2023-10-09,173.9499969482422,167.5500030517578,1320242.0
UDS,Updater Services,2023-10-04,298.6499938964844,282.0,2023-10-13,301.75,293.29998779296875,640924.0
JSWINFRA,JSW Infra,2023-10-03,157.3000030517578,142.1999969482422,2023-10-04,168.6999969482422,164.9499969482422,55015128.0
MVGJL,Manoj Vaibhav Gems,2023-10-03,222.0,210.10000610351562,2023-10-06,226.8000030517578,222.6999969482422,1632019.0
YATRA,Yatra Online,2023-09-28,138.5500030517578,127.5,2023-09-29,146.6999969482422,136.85000610351562,3023857.0
SIGNATURE,Signature Global,2023-09-27,474.0,444.0,2023-09-29,485.8999938964844,477.75,1322775.0
KALAMANDIR,Sai Silks,2023-09-27,247.0,230.9499969482422,2023-09-28,255.0500030517578,251.35000610351562,5474077.0
ZAGGLE,Zaggle Prepaid,2023-09-22,176.0,155.3000030517578,2023-09-26,183.39999389648438,179.1999969482422,5907712.0
SAMHI,Samhi Hotels,2023-09-22,146.60000610351562,127.25,2023-09-25,153.35000610351562,150.8000030517578,9283889.0
APOLLO,EMS Limited,2023-09-21,55.900001525878906,54.0,2023-09-22,56.650001525878906,53.849998474121094,1056052.0
RRKABEL,RR Kabel,2023-09-20,1212.699951171875,1136.800048828125,2023-09-21,1232.0,1177.5,2120327.0
JLHL,Jupiter Life Line Hospitals,2023-09-18,221.7899932861328,194.0,2023-09-25,224.0,215.60000610351562,3883310.0
RATNAVEER,Ratnaveer Precision Engineering,2023-09-11,129.35000610351562,123.0,2023-10-13,134.6999969482422,133.10000610351562,9411420.0
RISHABH,Rishabh Instruments,2023-09-11,470.0,432.3500061035156,2023-09-27,486.8999938964844,474.29998779296875,1338066.0
VPRPL,Vishnu Prakash Punglia,2023-09-05,165.0,144.0,2023-09-06,173.3000030517578,163.5,30128793.0
AEROFLEX,Aeroflex Industries,2023-08-31,196.35000610351562,162.3000030517578,2024-09-10,202.6999969482422,200.24000549316406,6474633.0
PYRAMID,Pyramid Technoplast,2023-08-29,188.0,177.64999389648438,2023-09-12,188.25,169.60000610351562,755485.0
TVSSCS,TVS Supply Chain,2023-08-23,208.60000610351562,199.0,2023-09-07,232.9499969482422,221.3000030517578,7039853.0
CONCORDBIO,Concord Biotech,2023-08-18,987.7000122070312,900.0499877929688,2023-08-22,1022.3499755859375,993.7999877929688,2928390.0
SBFC,SBFC Finance,2023-08-16,95.44999694824219,82.0,2023-11-13,96.9000015258789,91.8499984741211,22561679.0
YATHARTH,Yatharth Hospital,2023-08-07,343.1000061035156,306.1000061035156,2023-08-08,361.8999938964844,349.1000061035156,11284783.0
NETWEB,Netweb Technologies,2023-07-27,952.0,876.0499877929688,2023-12-05,986.9000244140625,965.2999877929688,963199.0
UTKARSHBNK,Utkarsh Small Finance Bank,2023-07-21,48.0,37.20000076293945,2023-07-24,56.29999923706055,51.29999923706055,115622544.0
SENCO,Senco Gold,2023-07-14,222.0,200.60000610351562,2023-09-15,244.5,239.375,13090612.0
CYIENTDLM,Cyient DLM,2023-07-10,427.0,403.0,2023-07-11,504.70001220703125,493.20001220703125,14891955.0
HMAAGRO,HMA Agro,2023-07-04,66.69999694824219,57.0,2023-08-30,68.80000305175781,67.44999694824219,1828430.0
MANKIND,Mankind Pharma,2023-05-09,1430.0,1300.0,2023-05-12,1438.800048828125,1394.449951171875,1946969.0
AVALON,Avalon Technologies,2023-04-18,436.0,387.1499938964844,2023-05-23,436.3999938964844,420.04998779296875,317304.0
USK,Udayshivakumar Infra,2023-04-03,31.5,29.149999618530273,2023-04-05,33.04999923706055,33.04999923706055,939603.0
GSLSU,Global Surfaces,2023-03-23,172.1999969482422,156.10000610351562,2023-04-03,172.89999389648438,168.85000610351562,161317.0
DIVGIITTS,Divgi TorqTransfer,2023-03-14,620.0,560.0,2023-03-15,635.0,610.5499877929688,716897.0
UNIMECH,Unimech Aerospace,2024-12-31,1485.0,1327.75,2025-01-02,1523.75,1457.1500244140625,3102964.0
SENORES,Senores Pharmaceutical,2024-12-30,609.6500244140625,538.8499755859375,2025-02-06,644.7999877929688,607.3499755859375,8462337.0
CARRARO,Carraro India,2024-12-30,682.0,631.0,2025-01-03,692.4000244140625,662.0999755859375,1011425.0
VENTIVE,Ventive Hospitality,2024-12-30,749.0,702.0,2025-01-02,774.5,738.3499755859375,2261727.0
SANATHAN,Sanathan Textiles,2024-12-27,423.0,382.0,2025-04-16,442.04998779296875,441.04998779296875,973737.0
TRANSRAILL,Transrail Lighting,2024-12-27,605.0,544.5,2025-01-02,663.9000244140625,642.9000244140625,21253307.0
IKS,Inventurus Knowledge Solutions,2024-12-19,2031.0,1852.0999755859375,2024-12-20,2148.0,1885.800048828125,3776155.0
MOBIKWIK,One Mobikwik Systems,2024-12-18,528.0,440.0,2024-12-19,605.0,541.7000122070312,43541873.0
VMM,Vishal Mega Mart,2024-12-18,114.4000015258789,104.0,2024-12-19,114.75,105.12999725341797,169053505.0
SAILIFE,Sai Life Sciences,2024-12-18,780.0,650.0,2024-12-19,802.0,736.4000244140625,16050121.0
EIEL,Enviro Infra,2024-11-29,233.6999969482422,205.0500030517578,2024-12-03,263.79998779296875,257.70001220703125,50582911.0
NTPCGREEN,NTPC Green Energy,2024-11-27,122.6500015258789,111.5,2024-11-28,132.3000030517578,127.75,168668707.0
NIVABUPA,Niva Bupa Health Insurance,2024-11-14,81.0,73.51000213623047,2024-12-03,84.80000305175781,81.93000030517578,26815355.0
SWIGGY,Swiggy,2024-11-13,465.79998779296875,391.0,2024-11-14,489.3999938964844,430.70001220703125,56141395.0
ACMESOLAR,ACME Solar,2024-11-13,276.1000061035156,248.5,2024-11-19,276.8500061035156,264.1499938964844,9862379.0
AFCONS,Afcons Infrastructure,2024-11-04,479.45001220703125,420.25,2024-11-05,496.0,493.70001220703125,16830053.0
GODAVARIB,Godavari Biorefineries,2024-10-30,354.45001220703125,308.0,2024-10-31,360.0,351.8999938964844,2101742.0
WAAREEENER,Waaree Energies,2024-10-28,2624.39990234375,2300.0,2024-10-31,2758.699951171875,2722.10009765625,12359372.0
GARUDA,Garuda Construction,2024-10-15,120.98999786376953,100.36000061035156,2024-12-20,128.88999938964844,118.2699966430664,13936422.0
DIFFNKG,Diffusion Engineers,2024-10-04,203.1699981689453,193.0500030517578,2024-10-07,213.32000732421875,213.32000732421875,943611.0
KRN,KRN Heat Exchanger,2024-10-03,513.5,450.0,2024-11-06,537.5,537.5,4056581.0
MANBA,Manba Finance,2024-09-30,152.25,144.0,2024-10-01,157.5,148.47999572753906,2336173.0
ARKADE,Arkade Developers,2024-09-24,190.0,164.8000030517578,2025-05-29,195.97000122070312,189.6199951171875,5013458.0
BAJAJHFL,Bajaj Housing Finance,2024-09-16,165.0,146.0,2024-09-17,181.5,181.5,246750377.0
TOLINS,Tolins Tyres,2024-09-16,239.39999389648438,227.5,2024-12-03,254.9499969482422,245.74000549316406,3455876.0
BALAJEE,Shree Tirupati Balajee Agro,2024-09-12,94.5,90.0,2024-09-13,99.22000122070312,99.22000122070312,1827577.0
GALAPREC,Gala Precision,2024-09-09,757.1500244140625,721.0999755859375,2024-09-10,774.0,741.75,569060.0
PREMIERENE,Premier Energies,2024-09-03,994.5499877929688,802.0999755859375,2024-09-05,1010.25,1004.7999877929688,36818046.0
ORIENTTECH,Orient Technologies,2024-08-28,274.9090881347656,261.0909118652344,2024-08-29,288.654541015625,288.654541015625,209228.0
SSDL,Saraswati Saree,2024-08-20,203.6999969482422,186.0,2024-08-21,213.8800048828125,195.08999633789062,3812935.0
UNIECOM,Unicommerce eSolutions,2024-08-13,255.99000549316406,206.0,2024-08-20,263.989990234375,238.41000366210938,27871404.0
OLAELEC,OLA Electric,2024-08-09,91.19999694824219,76.0,2024-08-12,109.44000244140625,109.44000244140625,210295560.0
AKUMS,Akums Drugs,2024-08-06,797.5,725.0,2024-08-07,824.0,793.75,2975148.0
SANSTAR,Sanstar,2024-07-26,128.7899932861328,107.0999984741211,2024-08-20,134.10000610351562,132.75999450683594,13812258.0
EMCURE,Emcure Pharma,2024-07-10,1385.0,1325.050048828125,2024-07-15,1408.699951171875,1374.75,1037827.0
BANSALWIRE,Bansal Wire,2024-07-10,372.0,336.0,2024-08-01,386.0,369.8500061035156,2264338.0
VRAJ,Vraj Iron,2024-07-03,252.0,240.0,2024-07-04,264.6000061035156,264.6000061035156,200911.0
ABDL,Allied Blenders,2024-07-02,324.79998779296875,306.70001220703125,2024-07-03,339.29998779296875,334.8999938964844,14342875.0
STANLEY,Stanley Lifestyles,2024-06-28,509.3999938964844,470.20001220703125,2024-07-01,518.7000122070312,505.6499938964844,5809841.0
AFIL,Akme Fintrade,2024-06-26,13.335000038146973,12.699999809265137,2024-06-27,13.399999618530273,12.668000221252441,16139280.0
DEEDEV,Dee Development,2024-06-26,365.70001220703125,310.0,2024-07-05,400.0,363.20001220703125,5566554.0
KRONOX,Kronox Lab,2024-06-10,165.60000610351562,156.6999969482422,2024-07-05,173.83999633789062,163.22000122070312,2995224.0
AWFIS,Awfis Space,2024-05-30,451.45001220703125,415.20001220703125,2024-06-07,468.79998779296875,448.5,1935606.0
TBOTEK,TBO Tek,2024-05-15,1455.949951171875,1275.0,2024-05-16,1473.0,1460.25,1757996.0
AADHARHFC,Aadhar Housing Finance,2024-05-15,343.70001220703125,292.0,2024-05-16,362.3500061035156,361.1000061035156,26767907.0
INDGN,Indegene,2024-05-13,660.0,527.0999755859375,2024-09-06,689.9500122070312,664.7000122070312,7001739.0
JNKINDIA,JNK India,2024-04-30,712.0,621.0,2024-05-02,714.0,638.6500244140625,4575871.0
BHARTIHEXA,Bharti Hexacom,2024-04-12,880.0,755.0,2024-04-16,917.7000122070312,903.5,13031759.0
SRM,SRM Contractors,2024-04-03,226.0,215.25,2024-04-04,237.3000030517578,237.3000030517578,562542.0
KRYSTAL,Krystal Integrated,2024-03-21,793.7999877929688,703.0499877929688,2024-04-01,832.0,799.1500244140625,1042287.0
PVSL,Popular Vehicles,2024-03-19,289.20001220703125,262.3999938964844,2024-03-21,296.54998779296875,289.25,929477.0
GOPAL,Gopal Snacks,2024-03-14,384.79998779296875,341.79998779296875,2024-03-15,392.8500061035156,379.1499938964844,1994031.0
JGCHEM,JG Chemicals,2024-03-13,213.75,181.3000030517578,2024-04-03,231.25,228.85000610351562,3741377.0
RKSWAMY,R K Swamy,2024-03-12,284.8999938964844,243.0,2024-03-15,288.0,278.25,4189543.0
MUKKA,Mukka Proteins,2024-03-07,42.25,38.25,2024-03-11,43.95000076293945,40.150001525878906,10923633.0
PLATIND,Platinum Industries,2024-03-05,236.25,221.0,2024-07-08,237.0,230.0800018310547,5206666.0
EXICOM,Exicom Tele-Systems,2024-03-05,274.5,219.0,2024-04-18,308.6499938964844,294.8999938964844,16151712.0
JUNIPER,Juniper Hotels,2024-02-28,401.5,365.0,2024-02-29,441.6499938964844,438.20001220703125,7720673.0
ENTERO,Entero Healthcare,2024-02-16,1258.0,1141.0,2024-08-01,1265.0,1260.4000244140625,194218.0
RPTECH,Rashi Peripherals,2024-02-14,342.70001220703125,318.0,2024-02-16,357.3500061035156,345.8500061035156,4660187.0
CAPITALSFB,Capital Small Finance Bank,2024-02-14,462.8999938964844,421.0,2024-02-15,469.0,455.5,1108504.0
JSFB,Jana Small Finance Bank,2024-02-14,409.0,365.0,2024-02-15,438.0,428.3999938964844,6820067.0
PARKHOTELS,Apeejay Surrendra Park Hotels,2024-02-12,223.1999969482422,171.25,2024-02-21,223.89999389648438,213.39999389648438,3514851.0
BLSE,BLS E-Services,2024-02-06,366.0,303.1000061035156,2024-02-07,423.70001220703125,363.95001220703125,15744091.0
NOVAAGRI,Nova Agri,2024-01-31,57.75,55.0,2024-02-01,60.599998474121094,60.599998474121094,216648.0
EPACK,EPACK Durable,2024-01-30,224.5,206.1999969482422,2024-06-18,228.0,223.77999877929688,3457100.0
MEDIASSIST,Medi Assist Healthcare,2024-01-23,518.0,445.0,2024-02-05,533.0,525.25,1808132.0
JYOTICNC,Jyoti CNC,2024-01-16,444.0,368.0,2024-01-17,448.8999938964844,427.54998779296875,5556401.0
GKSL,Gujarat Kidney Super Speciality,2025-12-30,123.0,102.9000015258789,2026-04-29,124.61000061035156,118.87999725341797,3464644.0
KSHINTL,KSH International,2025-12-23,370.25,350.0,2026-01-02,382.0,373.54998779296875,797114.0
PARKHOSPS,Park Medi World,2025-12-17,165.8699951171875,146.92999267578125,2026-02-10,169.33999633789062,166.4600067138672,6400577.0
CORONA,Corona Remedies,2025-12-15,1497.800048828125,1413.0,2026-01-05,1524.0,1467.0999755859375,497437.0
WAKEFIT,Wakefit Innovations,2025-12-15,203.5,177.0,2026-02-10,204.0,200.58999633789062,9482885.0
VIDYAWIRES,Vidya Wires,2025-12-10,58.45000076293945,50.0,2026-03-12,59.470001220703125,55.900001525878906,10427613.0
MEESHO,Meesho,2025-12-10,177.49000549316406,162.0,2025-12-16,193.44000244140625,180.2899932861328,172481762.0
AEQUS,Aequs,2025-12-10,157.0,135.39999389648438,2025-12-11,160.64999389648438,151.42999267578125,59418026.0
SUDEEPPHRM,Sudeep Pharma,2025-11-28,795.0,725.0,2026-06-01,816.3499755859375,780.5,1795562.0
CAPILLARY,Capillary Technologies,2025-11-21,633.9000244140625,570.0499877929688,2025-11-24,636.0,625.25,7318296.0
TENNIND,Tenneco Clean Air,2025-11-19,517.0,480.1000061035156,2025-12-26,522.5,516.4500122070312,4612061.0
EMMVEE,Emmvee Photovoltaic,2025-11-18,227.7100067138672,207.0,2025-11-19,241.33999633789062,236.27999877929688,34006914.0
STUDDS,Studds Accessories,2025-11-07,585.0,557.0,2025-11-18,600.0,571.4500122070312,4341772.0
MIDWESTLTD,Midwest,2025-10-24,1190.0,1129.0999755859375,2025-11-17,1289.5999755859375,1273.5999755859375,754545.0
CANHLIFE,Canara HSBC Life,2025-10-17,112.80000305175781,106.0,2025-10-23,113.80000305175781,113.05000305175781,7314219.0
RUBICON,Rubicon Research,2025-10-16,639.0,587.3499755859375,2025-10-29,639.7000122070312,600.4500122070312,1090113.0
CRAMC,Canara Robeco,2025-10-16,318.0,280.25,2025-10-23,334.95001220703125,322.8500061035156,9586748.0
LGEINDIA,LG Electronics,2025-10-14,1749.0,1650.0,2026-08-17,1755.0,1667.5999755859375,2114300.0
TATACAP,Tata Capital,2025-10-13,333.0,326.25,2025-10-16,336.0,335.1000061035156,19938421.0
WEWORK,WeWork India,2025-10-10,650.1500244140625,614.25,2025-10-16,655.0,644.8499755859375,1225991.0
ADVANCE,Advance Agrolife,2025-10-08,114.5,108.30000305175781,2025-10-21,120.01000213623047,120.01000213623047,326970.0
OMFREIGHT,Om Freight Forwarders,2025-10-08,85.56999969482422,81.0999984741211,2025-10-09,89.83999633789062,89.83999633789062,30070.0
FABTECH,Fabtech Technologies,2025-10-07,192.5,182.39999389648438,2025-10-10,198.8699951171875,194.8300018310547,713197.0
PACEDIGITK,Pace Digitek,2025-10-06,231.0,207.0,2025-10-10,231.9499969482422,224.55999755859375,8685365.0
ARSSBL,Anand Rathi Share,2025-09-30,458.70001220703125,431.0,2025-10-01,466.79998779296875,451.75,5420031.0
ATLANTAELE,Atlanta Electricals,2025-09-29,865.0,806.25,2025-10-01,871.9000244140625,871.9000244140625,1923503.0
GANESHCP,Ganesh Consumer,2025-09-29,308.70001220703125,291.6499938964844,2025-10-06,309.95001220703125,305.54998779296875,957172.0
SAATVIKGL,Saatvik Green Energy,2025-09-26,465.0,427.29998779296875,2025-10-08,506.0,501.54998779296875,7335948.0
GKENERGY,GK Energy,2025-09-26,174.6999969482422,165.0,2025-09-30,175.64999389648438,162.10000610351562,4069723.0
IVALUE,iValue Infosolutions,2025-09-25,298.3500061035156,274.04998779296875,2025-09-30,301.95001220703125,279.0,1373906.0
EUROPRATIK,Euro Pratik Sales,2025-09-23,278.0,247.05999755859375,2025-10-17,278.5,270.1499938964844,598824.0
URBANCO,Urban Company,2025-09-17,179.0,161.3699951171875,2025-09-19,187.5,184.80999755859375,128767459.0
SHRINGARMS,Shringar House of Mangalsutra,2025-09-17,191.0,182.60000610351562,2025-09-18,193.99000549316406,189.67999267578125,12782002.0
VIKRAN,Vikran Engineering,2025-09-03,101.7699966430664,93.26000213623047,2025-09-08,103.77999877929688,101.01000213623047,32024643.0
AHCL,Anlon Healthcare,2025-09-03,9.25,9.07800006866455,2025-09-05,9.260000228881836,9.21500015258789,2922510.0
MEIL,Mangal Electrical,2025-08-28,566.0,527.3499755859375,2025-09-04,573.7000122070312,556.1500244140625,1235260.0
VIKRAMSOLR,Vikram Solar,2025-08-26,381.6499938964844,333.6499938964844,2025-09-10,407.95001220703125,378.79998779296875,66224952.0
SHREEJISPG,Shreeji Shipping,2025-08-26,275.0,252.1999969482422,2025-11-03,276.8999938964844,272.20001220703125,1328465.0
BLUESTONE,BlueStone Jewellery,2025-08-19,564.0,508.1000061035156,2025-08-20,625.0,572.0499877929688,11250877.0
JSWCEMENT,JSW Cement,2025-08-14,154.77000427246094,145.0500030517578,2025-08-19,158.1999969482422,156.5500030517578,47572618.0
ALLTIME,All Time Plastics,2025-08-14,325.0,280.6499938964844,2025-08-22,327.0,315.25,5788275.0
HILINFRA,Highway Infrastructure,2025-08-12,120.75,115.0,2025-08-13,126.77999877929688,126.77999877929688,3127048.0
LOTUSDEV,Sri Lotus Developers,2025-08-06,195.8000030517578,176.6999969482422,2025-08-07,204.35000610351562,197.8000030517578,35917913.0
MBEL,M&B Engineering,2025-08-06,418.79998779296875,373.5,2025-08-07,424.8999938964844,417.6000061035156,3922205.0
CPPLUS,Aditya Infotech,2025-08-05,1104.0,1015.0,2025-08-07,1167.800048828125,1134.300048828125,1673531.0
LAXMIINDIA,Laxmi India Finance,2025-08-05,146.67999267578125,132.97999572753906,2025-08-07,148.6199951171875,148.6199951171875,9905318.0
SHANTIGOLD,Shanti Gold,2025-08-01,238.36000061035156,227.10000610351562,2025-08-08,252.5,239.88999938964844,7959080.0
BRIGHOTEL,Brigade Hotel Ventures,2025-07-31,87.83999633789062,81.0999984741211,2025-08-19,91.7699966430664,90.83000183105469,9499369.0
INDIQUBE,IndiQube Spaces,2025-07-30,222.97000122070312,201.60000610351562,2025-07-31,233.5,218.4199981689453,5173192.0
EBGNG,GNG Electronics,2025-07-30,359.3999938964844,325.54998779296875,2025-08-25,379.29998779296875,376.8999938964844,4250262.0
ANTHEM,Anthem Biosciences,2025-07-21,747.0,723.0499877929688,2025-07-22,752.7000122070312,732.5,13471449.0
SMARTWORKS,Smartworks Coworking,2025-07-17,469.25,435.0,2025-08-12,469.8999938964844,465.8500061035156,583104.0
TRAVELFOOD,Travel Food Services,2025-07-14,1130.0,1066.0,2025-07-18,1164.800048828125,1141.0,2927112.0
CRIZAC,Crizac,2025-07-09,309.1499938964844,275.0,2025-07-10,338.3900146484375,338.3900146484375,36387648.0
IGCL,Indogulf Cropsciences,2025-07-03,113.0,106.0,2025-07-16,114.05000305175781,113.62999725341797,1271417.0
HDBFS,HDB Financial Services,2025-07-02,851.4000244140625,827.1500244140625,2025-07-03,891.9000244140625,864.0,30604163.0
SAMBHV,Sambhv Steel Tubes,2025-07-02,111.0,96.25,2025-07-08,114.98999786376953,111.1500015258789,21327648.0
KALPATARU,Kalpataru,2025-07-01,452.79998779296875,414.0,2025-07-09,457.3999938964844,431.6499938964844,2500565.0
ELLEN,Ellenbarrie Industrial,2025-07-01,534.5999755859375,486.0,2025-07-02,563.2999877929688,525.5999755859375,8415078.0
GLOBECIVIL,Globe Civil Projects,2025-07-01,94.5,87.0,2025-07-23,95.0,91.79000091552734,5083460.0
OSWALPUMPS,Oswal Pumps,2025-06-20,652.0,622.25,2025-06-25,675.9000244140625,657.7000122070312,5856114.0
SCODATUBES,Scoda Tubes,2025-06-04,147.0,135.10000610351562,2025-06-05,154.35000610351562,154.35000610351562,2606966.0
PROSTARM,Prostarm Info Systems,2025-06-03,126.0,120.0,2025-06-20,135.6300048828125,131.27999877929688,6689120.0
AEGISVOPAK,Aegis Vopak Terminals,2025-06-02,242.0,220.0,2025-06-03,264.8999938964844,255.30999755859375,14051020.0
BELRISE,Belrise Industries,2025-05-28,102.4000015258789,91.55000305175781,2025-06-05,103.19999694824219,98.3499984741211,38905891.0
BORANA,Borana Weaves,2025-05-27,255.14999389648438,243.0,2025-05-28,267.0,244.52999877929688,1624383.0
ATHERENERG,Ather Energy,2025-05-06,333.0,299.1000061035156,2025-05-21,343.0,314.0,6427620.0
QPOWER,Quality Power Electrical,2025-02-24,430.75,382.5,2025-05-23,435.0,427.95001220703125,2975564.0
HEXT,Hexaware Technologies,2025-02-19,788.0,708.0,2025-02-20,806.7000122070312,798.0999755859375,6156715.0
AJAXENGG,Ajax Engineering,2025-02-17,609.0,566.0,2025-02-18,617.8499755859375,607.7999877929688,1404994.0
AGARWALEYE,Dr. Agarwal’s Health,2025-02-04,412.8999938964844,370.20001220703125,2025-02-06,421.54998779296875,404.3999938964844,7037799.0
DENTA,Denta Water and Infra,2025-01-29,341.25,325.0,2025-01-30,358.29998779296875,326.70001220703125,1686382.0
STALLION,Stallion India,2025-01-23,126.0,120.0,2025-07-25,127.30000305175781,122.5,3292908.0
QUADFUTURE,Quadrant Future Tek,2025-01-14,444.0,362.1000061035156,2025-01-15,532.7999877929688,532.7999877929688,15708737.0
INDOFARM,Indo Farm Equipment,2025-01-07,287.0,256.0,2025-01-08,293.20001220703125,277.79998779296875,8917270.0
DHOOTTRANS,Dhoot Transmission,2026-08-17,1205.0,1131.0,2026-08-18,1305.75,1305.75,9337722.0
MOLBIO,Molbio Diagnostics,2026-08-17,1064.75,926.3499755859375,2026-08-18,1177.0,1110.9000244140625,11279774.0
CORDELIA,Waterways Leisure Tourism,2026-07-01,722.7000122070312,623.0999755859375,2026-07-02,734.9000244140625,734.9000244140625,1484942.0
CMPDI,Central Mine Planning,2026-03-30,168.6999969482422,152.22000122070312,2026-04-13,173.0,170.08999633789062,3169293.0
CLEANMAX,Clean Max Enviro Energy,2026-03-02,960.0,768.0,2026-04-16,1014.2999877929688,969.9500122070312,1093705.0
MEDANTA,Global Health (Medanta),2022-11-16,422.79998779296875,406.6499938964844,2022-11-21,431.95001220703125,429.75,3295433.0
LENSKART,Lenskart Solutions,2025-11-07,413.75,356.1000061035156,2025-11-11,417.8999938964844,415.3500061035156,23092558.0
TRUALT,TruAlt Bioenergy,2025-10-03,534.5,505.6000061035156,2026-06-09,536.9000244140625,531.9500122070312,1015431.0
JAINREC,Jain Resource Recycling,2025-10-01,341.70001220703125,298.20001220703125,2025-10-07,342.7699890136719,324.0400085449219,26817063.0
EPACKPEB,EPACK Prefab,2025-10-01,199.0,184.30999755859375,2025-10-10,199.6999969482422,193.75,2103239.0
AMANTA,Amanta Healthcare,2025-09-09,149.0,141.27999877929688,2025-09-23,154.39999389648438,146.82000732421875,1591935.0
AERONEU,Sah Polymers,2023-01-12,89.25,85.0,2023-01-27,92.80000305175781,83.80000305175781,1658348.0
SETL,Standard Glass Lining,2025-01-13,182.0,161.0,2025-01-15,199.22000122070312,199.22000122070312,40725167.0
