IPO_COMPANY,CURRENT_SYMBOL,PRICE_TICKER
Bharat Coking Coal,,
Amagi Media Labs,,
Shadowfax Technologies,,
Aye Finance,,
Fractal Analytics,,
Gaudium IVF,,
Clean Max Enviro Energy,,
Shree Ram Twistex,,
PNGS Reva,,
Omnitech Engineering,,
Sedemac Mechatronics,,
Rajputana Stainless,,
Innovision,,
GSP Crop Science,,
Central Mine Planning,,
Sai Parenteral’s,,
Aeroplane Basmati,,
Powerica,,
Om Power,,
Kissht,,
CMR Green,,
Hexagon Nutrition,,
Turtlemint Fintech,,
Rambhajo Jewellery,,
CSM Technologies,,
Aastha Spintex,,
Knack Packaging,,
Kusumgar,,
Laser Power,,
Alpine Texworld,,
SBI Funds Management,,
Caliber Mining,,
Xtranet Technologies,,
Lohia Corp,,
Indo-MIM,,
Manipal Health,,
MV Electrosystems,,
Juniper Green Energy,,
Ardee Industries,,
Technocraft Ventures,,
LEAP India,,
Molbio Diagnostics,,
Dhoot Transmission,DHOOTTRANS,DHOOTTRANS.NS
Milky Mist,,
Shiprocket,,
Behari Lal Engineering,,
Elin Electronics,,
KFin Technologies,,
Landmark Cars,,
Abans Holdings,,
Sula Vineyards,,
Uniparts,,
Dharmaj Crop Guard,,
Keystone Realtors,,
Inox Green Energy,,
Kaynes Technology,,
Five-Star Business Finance,,
Archean Chemical,,
Global Health (Medanta),,
Bikaji Foods,,
Fusion Microfinance,,
DCX Systems,,
Tracxn,,
Electronics Mart,,
Harsha Engineers,,
Tamilnad Mercantile Bank,,
DreamFolks,,
Syrma SGS,,
Innova Captab,,
Azad Engineering,,
Happy Forgings,,
RBZ Jewellers,,
Credo Brands,,
Suraj Estate,,
Muthoot Microfin,,
Motisons Jewellers,,
INOX India,,
DOMS Industries,,
India Shelter Finance,,
Flair Writing,,
Tata Technologies,,
Gandhar Oil,,
FedFina,,
IREDA,,
ASK Automotive,,
Protean eGov,,
ESAF Bank,,
Mamaearth,,
Cello World,,
Blue Jet Healthcare,,
IRM Energy,,
Plaza Wires,,
Valiant Laboratories,,
Updater Services,,
JSW Infra,,
Manoj Vaibhav Gems,,
Yatra Online,,
Signature Global,,
Sai Silks,,
Zaggle Prepaid,,
Samhi Hotels,,
EMS Limited,,
RR Kabel,,
Jupiter Life Line Hospitals,,
Ratnaveer Precision Engineering,,
Rishabh Instruments,,
Vishnu Prakash Punglia,,
Aeroflex Industries,,
Pyramid Technoplast,,
TVS Supply Chain,,
Concord Biotech,,
SBFC Finance,,
Yatharth Hospital,,
Netweb Technologies,,
Utkarsh Small Finance Bank,,
Senco Gold,,
Cyient DLM,,
IdeaForge,,
HMA Agro,,
IKIO Lighting,,
Mankind Pharma,,
Avalon Technologies,,
Udayshivakumar Infra,,
Global Surfaces,,
Divgi TorqTransfer,,
Sah Polymers,AERONEU,AERONEU.NS
Radiant Cash Management,,
Unimech Aerospace,,
Senores Pharmaceutical,,
Carraro India,,
Ventive Hospitality,,
Concord Enviro Systems,,
DAM Capital,,
Sanathan Textiles,,
Mamata Machinery,,
Transrail Lighting,,
International Gemmological Institute,,
Inventurus Knowledge Solutions,,
One Mobikwik Systems,,
Vishal Mega Mart,,
Sai Life Sciences,,
Suraksha Diagnostic,,
Enviro Infra,,
NTPC Green Energy,,
Zinka Logistics,,
Niva Bupa Health Insurance,,
Swiggy,,
ACME Solar,,
Sagility India,,
Afcons Infrastructure,,
Godavari Biorefineries,,
Deepak Builders and Engineers,,
Waaree Energies,,
Hyundai India,,
Garuda Construction,,
Diffusion Engineers,,
KRN Heat Exchanger,,
Manba Finance,,
Arkade Developers,,
Western Carriers,,
Northern Arc Capital,,
PN Gadgil Jewellers,,
Kross,,
Bajaj Housing Finance,,
Tolins Tyres,,
Shree Tirupati Balajee Agro,,
Gala Precision,,
Baazar Style Retail,,
ECOS Mobility,,
Premier Energies,,
Orient Technologies,,
Interarch Building Products,,
Saraswati Saree,,
FirstCry,,
Unicommerce eSolutions,,
OLA Electric,,
Ceigall India,,
Akums Drugs,,
Sanstar,,
Emcure Pharma,,
Bansal Wire,,
Vraj Iron,,
Allied Blenders,,
Stanley Lifestyles,,
Akme Fintrade,,
Dee Development,,
Ixigo,,
Kronox Lab,,
Awfis Space,,
Go Digit Insurance,,
TBO Tek,,
Aadhar Housing Finance,,
Indegene,,
JNK India,,
Bharti Hexacom,,
SRM Contractors,,
Krystal Integrated,,
Popular Vehicles,,
Gopal Snacks,,
JG Chemicals,,
R K Swamy,,
Mukka Proteins,,
Platinum Industries,,
Exicom Tele-Systems,,
GPT Healthcare,,
Juniper Hotels,,
Vibhor Steel,,
Entero Healthcare,,
Rashi Peripherals,,
Capital Small Finance Bank,,
Jana Small Finance Bank,,
Apeejay Surrendra Park Hotels,,
BLS E-Services,,
Nova Agri,,
EPACK Durable,,
Medi Assist Healthcare,,
Jyoti CNC,,
Gujarat Kidney Super Speciality,,
KSH International,,
ICICI Prudential AMC,,
Park Medi World,,
NephroPlus,,
Corona Remedies,,
Wakefit Innovations,,
Vidya Wires,,
Meesho,,
Aequs,,
Sudeep Pharma,,
Excelsoft Technologies,,
Capillary Technologies,,
Fujiyama Solar,,
Tenneco Clean Air,,
Physicswallah,,
Emmvee Photovoltaic,,
Pine Labs,,
Groww,,
Lenskart Solutions,,
Studds Accessories,,
Orkla India,,
Midwest,,
Canara HSBC Life,,
Rubicon Research,,
Canara Robeco,,
LG Electronics,,
Tata Capital,,
WeWork India,,
Advance Agrolife,,
Om Freight Forwarders,,
Glottis,,
Fabtech Technologies,,
Pace Digitek,,
TruAlt Bioenergy,,
Jinkushal Industries,,
Jain Resource Recycling,,
EPACK Prefab,,
BMW Ventures,,
Seshaasai Technologies,,
Anand Rathi Share,,
Solarworld Energy,,
Jaro Education,,
Atlanta Electricals,,
Ganesh Consumer,,
Saatvik Green Energy,,
GK Energy,,
iValue Infosolutions,,
VMS TMT,,
Euro Pratik Sales,,
Urban Company,,
Shringar House of Mangalsutra,,
Dev Accelerator,,
Amanta Healthcare,,
Vikran Engineering,,
Anlon Healthcare,,
Mangal Electrical,,
Vikram Solar,,
Gem Aromatics,,
Shreeji Shipping,,
Patel Retail,,
Regaal Resources,,
BlueStone Jewellery,,
JSW Cement,,
All Time Plastics,,
Highway Infrastructure,,
NSDL,NSDL,NSDL.BO
Sri Lotus Developers,,
M&B Engineering,,
Aditya Infotech,,
Laxmi India Finance,,
Shanti Gold,,
Brigade Hotel Ventures,,
IndiQube Spaces,,
GNG Electronics,,
Anthem Biosciences,,
Smartworks Coworking,,
Travel Food Services,,
Crizac,,
Indogulf Cropsciences,,
HDB Financial Services,,
Sambhv Steel Tubes,,
Kalpataru,,
Ellenbarrie Industrial,,
Globe Civil Projects,,
ArisInfra Solutions,,
Oswal Pumps,,
Scoda Tubes,,
Prostarm Info Systems,,
Schloss Bangalore,,
Aegis Vopak Terminals,,
Belrise Industries,,
Borana Weaves,,
Ather Energy,,
Quality Power Electrical,,
Hexaware Technologies,,
Ajax Engineering,,
Dr. Agarwal’s Health,,
Denta Water and Infra,,
Stallion India,,
Laxmi Dental,,
Quadrant Future Tek,,
Standard Glass Lining,SETL,SETL.NS
Indo Farm Equipment,,
Behari Lal Engineering,,
Shiprocket,,
Dhoot Transmission,DHOOTTRANS,DHOOTTRANS.NS
Molbio Diagnostics,,
Technocraft Ventures,,
SBI Funds Management,,
Alpine Texworld,,
CSM Technologies,,
Rambhajo Jewellery,,
Waterways Leisure Tourism,,
CMR Green,,
Aeroplane Basmati,,
Central Mine Planning,,
Innovision,,
Clean Max Enviro Energy,,
Bharat Coking Coal,,
